{
  "fragmentEntryKey": "bbc-live-content",
  "name": "BBC Live Content",
  "description": "BBC-inspired live content fragment for real-time news updates and live feeds",
  "type": "component",
  "thumbnail": "",
  "configuration": {
    "fieldSets": [
      {
        "fields": [
          {
            "name": "title",
            "label": "Live Content Title",
            "description": "Title for the live content section",
            "type": "text",
            "typeOptions": {
              "placeholder": "BBC Verify Live"
            },
            "defaultValue": "BBC Verify Live: Dramatic footage shows aftermath of strikes deep inside Russia"
          },
          {
            "name": "description",
            "label": "Description",
            "description": "Description of the live content",
            "type": "text",
            "typeOptions": {
              "placeholder": "Latest updates from the BBC's specialists"
            },
            "defaultValue": "Latest updates from the BBC's specialists in fact-checking, verifying video and tackling disinformation."
          },
          {
            "name": "liveUrl",
            "label": "Live Feed URL",
            "description": "URL to the live content page",
            "type": "text",
            "typeOptions": {
              "placeholder": "/news/live/..."
            },
            "defaultValue": "/news/live/c9vrrymm10nt"
          },
          {
            "name": "category",
            "label": "Category",
            "description": "Content category",
            "type": "text",
            "typeOptions": {
              "placeholder": "News"
            },
            "defaultValue": "News"
          },
          {
            "name": "refreshInterval",
            "label": "Refresh Interval",
            "description": "How often to refresh content (in seconds)",
            "type": "text",
            "typeOptions": {
              "placeholder": "30"
            },
            "defaultValue": "30"
          },
          {
            "name": "showViewerCount",
            "label": "Show Viewer Count",
            "description": "Display number of viewers",
            "type": "checkbox",
            "defaultValue": true
          },
          {
            "name": "enableNotifications",
            "label": "Enable Notifications",
            "description": "Allow users to enable notifications for updates",
            "type": "checkbox",
            "defaultValue": true
          },
          {
            "name": "backgroundImage",
            "label": "Background Image",
            "description": "Optional background image for the live content",
            "type": "text",
            "typeOptions": {
              "placeholder": "https://example.com/image.jpg"
            },
            "defaultValue": ""
          }
        ]
      }
    ]
  }
}
