{
  "fieldSets": [
    {
      "fields": [
        {
          "name": "cardSize",
          "label": "Card Size",
          "description": "Size of the news card",
          "type": "select",
          "typeOptions": {
            "validValues": [
              {"value": "small", "label": "Small"},
              {"value": "medium", "label": "Medium"},
              {"value": "large", "label": "Large"}
            ]
          },
          "defaultValue": "medium"
        },
        {
          "name": "layout",
          "label": "Layout",
          "description": "Card layout orientation",
          "type": "select",
          "typeOptions": {
            "validValues": [
              {"value": "vertical", "label": "Vertical"},
              {"value": "horizontal", "label": "Horizontal"}
            ]
          },
          "defaultValue": "vertical"
        },
        {
          "name": "isLive",
          "label": "Live Content",
          "description": "Mark as live content",
          "type": "checkbox",
          "defaultValue": false
        }
      ]
    }
  ]
}
