{
  "fragmentEntryKey": "bbc-sidebar-content",
  "name": "BBC Sidebar Content",
  "description": "BBC-inspired sidebar fragment for additional content, related articles, and widgets",
  "type": "component",
  "thumbnail": "",
  "configuration": {
    "fieldSets": [
      {
        "fields": [
          {
            "name": "sidebarTitle",
            "label": "Sidebar Title",
            "description": "Title for the sidebar section",
            "type": "text",
            "typeOptions": {
              "placeholder": "More News"
            },
            "defaultValue": "More from BBC"
          },
          {
            "name": "contentType",
            "label": "Content Type",
            "description": "Type of sidebar content",
            "type": "select",
            "typeOptions": {
              "validValues": [
                {"value": "related_articles", "label": "Related Articles"},
                {"value": "trending", "label": "Trending Stories"},
                {"value": "most_read", "label": "Most Read"},
                {"value": "latest_news", "label": "Latest News"},
                {"value": "weather_widget", "label": "Weather Widget"},
                {"value": "custom_content", "label": "Custom Content"}
              ]
            },
            "defaultValue": "related_articles"
          },
          {
            "name": "contentItems",
            "label": "Content Items",
            "description": "Sidebar content items (JSON format)",
            "type": "text",
            "typeOptions": {
              "placeholder": "[{\"title\": \"Article title\", \"url\": \"/article\", \"time\": \"2 hrs ago\"}]"
            },
            "defaultValue": "[{\"title\": \"Thai prime minister suspended over leaked phone call\", \"url\": \"/news/articles/c9vrrj72xy7o\", \"time\": \"6 hrs ago\", \"category\": \"Asia\"}, {\"title\": \"Two deaths in Russian custody spark rift with former ally Azerbaijan\", \"url\": \"/news/articles/c5y00qq8nelo\", \"time\": \"4 hrs ago\", \"category\": \"Europe\"}, {\"title\": \"US-Israeli backed Gaza aid group must be shut down, say 130 charities\", \"url\": \"/news/articles/cn5kk1w00xyo\", \"time\": \"10 hrs ago\", \"category\": \"Middle East\"}]"
          },
          {
            "name": "showImages",
            "label": "Show Images",
            "description": "Display thumbnail images for content items",
            "type": "checkbox",
            "defaultValue": true
          },
          {
            "name": "showCategories",
            "label": "Show Categories",
            "description": "Display category labels for content items",
            "type": "checkbox",
            "defaultValue": true
          },
          {
            "name": "showTimestamps",
            "label": "Show Timestamps",
            "description": "Display publish times for content items",
            "type": "checkbox",
            "defaultValue": true
          },
          {
            "name": "maxItems",
            "label": "Maximum Items",
            "description": "Maximum number of items to display",
            "type": "text",
            "typeOptions": {
              "placeholder": "5"
            },
            "defaultValue": "5"
          },
          {
            "name": "enableLoadMore",
            "label": "Enable Load More",
            "description": "Show load more button",
            "type": "checkbox",
            "defaultValue": false
          }
        ]
      }
    ]
  }
}
