{
  "fieldSets": [
    {
      "fields": [
        {
          "name": "layout",
          "label": "Layout",
          "description": "Menu layout style",
          "type": "select",
          "typeOptions": {
            "validValues": [
              {"value": "horizontal", "label": "Horizontal"},
              {"value": "vertical", "label": "Vertical"}
            ]
          },
          "defaultValue": "horizontal"
        },
        {
          "name": "showIcons",
          "label": "Show Icons",
          "description": "Display icons in menu items",
          "type": "checkbox",
          "defaultValue": true
        }
      ]
    }
  ]
}
